vendor,current_price,old_price,product_name,month
Metro,48.99,57.99,Acai Berry Flavoured Pre-Workout Energizing Drink Mi...,June
Metro,48.99,57.99,Acai Berry Flavoured Pre-Workout Energizing Drink Mi...,June
Metro,48.99,57.99,Acai Berry Flavoured Pre-Workout Energizing Drink Mi...,June
Metro,48.99,57.99,Acai Berry Flavoured Pre-Workout Energizing Drink Mi...,June
Metro,48.99,57.99,Acai Berry Flavoured Pre-Workout Energizing Drink Mi...,June
Metro,48.99,57.99,Acai Berry Flavoured Pre-Workout Energizing Drink Mi...,June
Metro,40.58,57.99,Acai Berry Flavoured Pre-Workout Energizing Drink Mi...,June
Metro,40.58,57.99,Acai Berry Flavoured Pre-Workout Energizing Drink Mi...,June
Metro,40.58,57.99,Acai Berry Flavoured Pre-Workout Energizing Drink Mi...,June
Metro,40.58,57.99,Acai Berry Flavoured Pre-Workout Energizing Drink Mi...,June
Metro,40.58,57.99,Acai Berry Flavoured Pre-Workout Energizing Drink Mi...,June
Metro,40.58,57.99,Acai Berry Flavoured Pre-Workout Energizing Drink Mi...,June
Metro,40.58,57.99,Acai Berry Flavoured Pre-Workout Energizing Drink Mi...,June
Metro,40.58,57.99,Acai Berry Flavoured Pre-Workout Energizing Drink Mi...,July
Metro,40.58,57.99,Acai Berry Flavoured Pre-Workout Energizing Drink Mi...,July
Metro,40.58,57.99,Acai Berry Flavoured Pre-Workout Energizing Drink Mi...,July
Metro,40.58,57.99,Acai Berry Flavoured Pre-Workout Energizing Drink Mi...,July
Metro,40.58,57.99,Acai Berry Flavoured Pre-Workout Energizing Drink Mi...,July
Metro,40.58,57.99,Acai Berry Flavoured Pre-Workout Energizing Drink Mi...,July
Metro,40.58,57.99,Acai Berry Flavoured Pre-Workout Energizing Drink Mi...,July
Metro,40.58,57.99,Acai Berry Flavoured Pre-Workout Energizing Drink Mi...,July
Metro,40.58,57.99,Acai Berry Flavoured Pre-Workout Energizing Drink Mi...,July
Metro,40.58,57.99,Acai Berry Flavoured Pre-Workout Energizing Drink Mi...,August
Metro,40.58,57.99,Acai Berry Flavoured Pre-Workout Energizing Drink Mi...,August
Metro,40.58,57.99,Acai Berry Flavoured Pre-Workout Energizing Drink Mi...,August
Metro,40.58,57.99,Acai Berry Flavoured Pre-Workout Energizing Drink Mi...,August
Metro,40.58,57.99,Acai Berry Flavoured Pre-Workout Energizing Drink Mi...,August
Metro,40.58,57.99,Acai Berry Flavoured Pre-Workout Energizing Drink Mi...,August
Metro,43.49,57.99,Acai Berry Flavoured Pre-Workout Energizing Drink Mi...,September
Metro,43.49,57.99,Acai Berry Flavoured Pre-Workout Energizing Drink Mi...,September
Metro,43.49,57.99,Acai Berry Flavoured Pre-Workout Energizing Drink Mi...,September
Metro,59.99,69.99000000000001,Chocolate Flavoured Plant-Based All-In-One Shake Drink,June
Walmart,29.1,58.2,"Cold Water Kettle, Cocktail Shake, Large Capacity Corrosion Resistance Iced Drink For Home Restaurant Cold Beverages Coffee Silver 1.5L",July
Walmart,29.01,58.02,"Cold Water Kettle, Cocktail Shake, Large Capacity Corrosion Resistance Iced Drink For Home Restaurant Cold Beverages Coffee Silver 1.5L",July
Walmart,29.01,58.02,"Cold Water Kettle, Cocktail Shake, Large Capacity Corrosion Resistance Iced Drink For Home Restaurant Cold Beverages Coffee Silver 1.5L",July
Walmart,29.01,58.02,"Cold Water Kettle, Cocktail Shake, Large Capacity Corrosion Resistance Iced Drink For Home Restaurant Cold Beverages Coffee Silver 1.5L",July
Walmart,29.01,58.02,"Cold Water Kettle, Cocktail Shake, Large Capacity Corrosion Resistance Iced Drink For Home Restaurant Cold Beverages Coffee Silver 1.5L",July
Walmart,29.01,58.02,"Cold Water Kettle, Cocktail Shake, Large Capacity Corrosion Resistance Iced Drink For Home Restaurant Cold Beverages Coffee Silver 1.5L",July
Walmart,29.01,58.02,"Cold Water Kettle, Cocktail Shake, Large Capacity Corrosion Resistance Iced Drink For Home Restaurant Cold Beverages Coffee Silver 1.5L",July
Walmart,29.01,58.02,"Cold Water Kettle, Cocktail Shake, Large Capacity Corrosion Resistance Iced Drink For Home Restaurant Cold Beverages Coffee Silver 1.5L",July
Walmart,29.01,58.02,"Cold Water Kettle, Cocktail Shake, Large Capacity Corrosion Resistance Iced Drink For Home Restaurant Cold Beverages Coffee Silver 1.5L",July
Walmart,29.51,59.02,"Cold Water Kettle, Cocktail Shake, Large Capacity Corrosion Resistance Iced Drink For Home Restaurant Cold Beverages Coffee Silver 1.5L",July
Walmart,29.51,59.02,"Cold Water Kettle, Cocktail Shake, Large Capacity Corrosion Resistance Iced Drink For Home Restaurant Cold Beverages Coffee Silver 1.5L",July
Walmart,29.51,59.02,"Cold Water Kettle, Cocktail Shake, Large Capacity Corrosion Resistance Iced Drink For Home Restaurant Cold Beverages Coffee Silver 1.5L",July
Walmart,29.51,59.02,"Cold Water Kettle, Cocktail Shake, Large Capacity Corrosion Resistance Iced Drink For Home Restaurant Cold Beverages Coffee Silver 1.5L",August
Walmart,29.51,59.02,"Cold Water Kettle, Cocktail Shake, Large Capacity Corrosion Resistance Iced Drink For Home Restaurant Cold Beverages Coffee Silver 1.5L",August
Walmart,29.51,59.02,"Cold Water Kettle, Cocktail Shake, Large Capacity Corrosion Resistance Iced Drink For Home Restaurant Cold Beverages Coffee Silver 1.5L",August
Walmart,29.51,59.02,"Cold Water Kettle, Cocktail Shake, Large Capacity Corrosion Resistance Iced Drink For Home Restaurant Cold Beverages Coffee Silver 1.5L",August
Walmart,29.51,59.02,"Cold Water Kettle, Cocktail Shake, Large Capacity Corrosion Resistance Iced Drink For Home Restaurant Cold Beverages Coffee Silver 1.5L",August
Walmart,29.51,59.02,"Cold Water Kettle, Cocktail Shake, Large Capacity Corrosion Resistance Iced Drink For Home Restaurant Cold Beverages Coffee Silver 1.5L",August
Walmart,29.51,59.02,"Cold Water Kettle, Cocktail Shake, Large Capacity Corrosion Resistance Iced Drink For Home Restaurant Cold Beverages Coffee Silver 1.5L",August
Walmart,29.51,59.02,"Cold Water Kettle, Cocktail Shake, Large Capacity Corrosion Resistance Iced Drink For Home Restaurant Cold Beverages Coffee Silver 1.5L",August
Walmart,29.51,59.02,"Cold Water Kettle, Cocktail Shake, Large Capacity Corrosion Resistance Iced Drink For Home Restaurant Cold Beverages Coffee Silver 1.5L",August
Walmart,29.51,59.02,"Cold Water Kettle, Cocktail Shake, Large Capacity Corrosion Resistance Iced Drink For Home Restaurant Cold Beverages Coffee Silver 1.5L",August
Walmart,29.51,59.02,"Cold Water Kettle, Cocktail Shake, Large Capacity Corrosion Resistance Iced Drink For Home Restaurant Cold Beverages Coffee Silver 1.5L",August
Walmart,29.51,59.02,"Cold Water Kettle, Cocktail Shake, Large Capacity Corrosion Resistance Iced Drink For Home Restaurant Cold Beverages Coffee Silver 1.5L",August
Walmart,29.51,59.02,"Cold Water Kettle, Cocktail Shake, Large Capacity Corrosion Resistance Iced Drink For Home Restaurant Cold Beverages Coffee Silver 1.5L",August
Walmart,29.51,59.02,"Cold Water Kettle, Cocktail Shake, Large Capacity Corrosion Resistance Iced Drink For Home Restaurant Cold Beverages Coffee Silver 1.5L",August
Walmart,29.51,59.02,"Cold Water Kettle, Cocktail Shake, Large Capacity Corrosion Resistance Iced Drink For Home Restaurant Cold Beverages Coffee Silver 1.5L",August
Walmart,29.51,59.02,"Cold Water Kettle, Cocktail Shake, Large Capacity Corrosion Resistance Iced Drink For Home Restaurant Cold Beverages Coffee Silver 1.5L",August
Walmart,31.16,62.32,"Cold Water Kettle, Cocktail Shake, Large Capacity Corrosion Resistance Iced Drink For Home Restaurant Cold Beverages Coffee Silver 1.5L",September
Walmart,31.16,62.32,"Cold Water Kettle, Cocktail Shake, Large Capacity Corrosion Resistance Iced Drink For Home Restaurant Cold Beverages Coffee Silver 1.5L",September
Walmart,31.16,62.32,"Cold Water Kettle, Cocktail Shake, Large Capacity Corrosion Resistance Iced Drink For Home Restaurant Cold Beverages Coffee Silver 1.5L",September
Walmart,31.16,62.32,"Cold Water Kettle, Cocktail Shake, Large Capacity Corrosion Resistance Iced Drink For Home Restaurant Cold Beverages Coffee Silver 1.5L",September
Walmart,55.99,65.99000000000001,2.2L Portable Size PETG Large Capacity Water Bottle Training Sports Workout Drink Bottle,June
Loblaws,66.39,82.99000000000001,Athlete's Gainer Weight Gain Drink Mix Natural Chocolate,September
Loblaws,66.39,82.99000000000001,Athlete's Gainer Weight Gain Drink Mix Natural Chocolate,September
Loblaws,66.39,82.99000000000001,Athlete's Gainer Weight Gain Drink Mix Natural Chocolate,September
Loblaws,66.39,82.99000000000001,Athlete's Gainer Weight Gain Drink Mix Natural Chocolate,September
Loblaws,66.39,82.99000000000001,Athlete's Gainer Weight Gain Drink Mix Natural Chocolate,September
Loblaws,66.39,82.99000000000001,Athlete's Gainer Weight Gain Drink Mix Natural Chocolate,September
Loblaws,66.39,82.99000000000001,Athlete's Gainer Weight Gain Drink Mix Natural Chocolate,September
Loblaws,74.99000000000001,82.99000000000001,Athlete's Gainer Weight Gain Drink Mix Natural Chocolate,October
Loblaws,74.99000000000001,82.99000000000001,Athlete's Gainer Weight Gain Drink Mix Natural Chocolate,November
Loblaws,74.99000000000001,82.99000000000001,Athlete's Gainer Weight Gain Drink Mix Natural Chocolate,November
Loblaws,74.99000000000001,82.99000000000001,Athlete's Gainer Weight Gain Drink Mix Natural Chocolate,November
Loblaws,74.99000000000001,82.99000000000001,Athlete's Gainer Weight Gain Drink Mix Natural Chocolate,November
Loblaws,74.99000000000001,82.99000000000001,Athlete's Gainer Weight Gain Drink Mix Natural Chocolate,November
Loblaws,74.99000000000001,82.99000000000001,Athlete's Gainer Weight Gain Drink Mix Natural Chocolate,November
Loblaws,74.99000000000001,82.99000000000001,Athlete's Gainer Weight Gain Drink Mix Natural Chocolate,November
Loblaws,74.99000000000001,82.99000000000001,Athlete's Gainer Weight Gain Drink Mix Natural Chocolate,November
Loblaws,74.99000000000001,82.99000000000001,Athlete's Gainer Weight Gain Drink Mix Natural Chocolate,November
Loblaws,74.99000000000001,82.99000000000001,Athlete's Gainer Weight Gain Drink Mix Natural Chocolate,November
Loblaws,74.99000000000001,82.99000000000001,Athlete's Gainer Weight Gain Drink Mix Natural Chocolate,November
Loblaws,74.99000000000001,82.99000000000001,Athlete's Gainer Weight Gain Drink Mix Natural Chocolate,November
Loblaws,74.99000000000001,82.99000000000001,Athlete's Gainer Weight Gain Drink Mix Natural Chocolate,November
Loblaws,74.99000000000001,82.99000000000001,Athlete's Gainer Weight Gain Drink Mix Natural Chocolate,November
Loblaws,74.99000000000001,82.99000000000001,Athlete's Gainer Weight Gain Drink Mix Natural Chocolate,November
Loblaws,74.99000000000001,82.99000000000001,Athlete's Gainer Weight Gain Drink Mix Natural Chocolate,November
Loblaws,74.99000000000001,82.99000000000001,Athlete's Gainer Weight Gain Drink Mix Natural Chocolate,November
Loblaws,74.99000000000001,82.99000000000001,Athlete's Gainer Weight Gain Drink Mix Natural Chocolate,November
Loblaws,74.99000000000001,82.99000000000001,Athlete's Gainer Weight Gain Drink Mix Natural Chocolate,November
Loblaws,74.99000000000001,82.99000000000001,Athlete's Gainer Weight Gain Drink Mix Natural Chocolate,November
Loblaws,74.99000000000001,82.99000000000001,Athlete's Gainer Weight Gain Drink Mix Natural Chocolate,November
Loblaws,74.99000000000001,82.99000000000001,Athlete's Gainer Weight Gain Drink Mix Natural Chocolate,November
Loblaws,74.99000000000001,82.99000000000001,Athlete's Gainer Weight Gain Drink Mix Natural Chocolate,November
Loblaws,74.99000000000001,82.99000000000001,Athlete's Gainer Weight Gain Drink Mix Natural Chocolate,November
Loblaws,74.99000000000001,82.99000000000001,Athlete's Gainer Weight Gain Drink Mix Natural Chocolate,November
Loblaws,74.99000000000001,82.99000000000001,Athlete's Gainer Weight Gain Drink Mix Natural Chocolate,November
Loblaws,26.99,28.99,Specifics a Naturally Relaxing Nighttime Drink Wildberry Flavor,October
Loblaws,26.99,28.99,Specifics a Naturally Relaxing Nighttime Drink Wildberry Flavor,November
Loblaws,26.99,28.99,Specifics a Naturally Relaxing Nighttime Drink Wildberry Flavor,November
Loblaws,26.99,28.99,Specifics a Naturally Relaxing Nighttime Drink Wildberry Flavor,November
Loblaws,26.99,28.99,Specifics a Naturally Relaxing Nighttime Drink Wildberry Flavor,November
Loblaws,26.99,28.99,Specifics a Naturally Relaxing Nighttime Drink Wildberry Flavor,November
Loblaws,26.99,28.99,Specifics a Naturally Relaxing Nighttime Drink Wildberry Flavor,November
Loblaws,26.99,28.99,Specifics a Naturally Relaxing Nighttime Drink Wildberry Flavor,November
Loblaws,26.99,28.99,Specifics a Naturally Relaxing Nighttime Drink Wildberry Flavor,November
Loblaws,26.99,28.99,Specifics a Naturally Relaxing Nighttime Drink Wildberry Flavor,November
Loblaws,26.99,28.99,Specifics a Naturally Relaxing Nighttime Drink Wildberry Flavor,November
Loblaws,26.99,28.99,Specifics a Naturally Relaxing Nighttime Drink Wildberry Flavor,November
Loblaws,26.99,28.99,Specifics a Naturally Relaxing Nighttime Drink Wildberry Flavor,November
Loblaws,26.99,28.99,Specifics a Naturally Relaxing Nighttime Drink Wildberry Flavor,November
Loblaws,26.99,28.99,Specifics a Naturally Relaxing Nighttime Drink Wildberry Flavor,November
Loblaws,26.99,28.99,Specifics a Naturally Relaxing Nighttime Drink Wildberry Flavor,November
Loblaws,26.99,28.99,Specifics a Naturally Relaxing Nighttime Drink Wildberry Flavor,November
Loblaws,26.99,28.99,Specifics a Naturally Relaxing Nighttime Drink Wildberry Flavor,November
Loblaws,26.99,28.99,Specifics a Naturally Relaxing Nighttime Drink Wildberry Flavor,November
Loblaws,26.99,28.99,Specifics a Naturally Relaxing Nighttime Drink Wildberry Flavor,November
Loblaws,26.99,28.99,Specifics a Naturally Relaxing Nighttime Drink Wildberry Flavor,November
Loblaws,26.99,28.99,Specifics a Naturally Relaxing Nighttime Drink Wildberry Flavor,November
Loblaws,26.99,28.99,Specifics a Naturally Relaxing Nighttime Drink Wildberry Flavor,November
Loblaws,26.99,28.99,Specifics a Naturally Relaxing Nighttime Drink Wildberry Flavor,November
Loblaws,26.99,28.99,Specifics a Naturally Relaxing Nighttime Drink Wildberry Flavor,November
Loblaws,26.99,28.99,Specifics a Naturally Relaxing Nighttime Drink Wildberry Flavor,November
Loblaws,26.99,28.99,Specifics a Naturally Relaxing Nighttime Drink Wildberry Flavor,November
Metro,35.99,39.99,White Freeze Flavoured Sport Drink,September
Metro,35.99,39.99,White Freeze Flavoured Sport Drink,September
Metro,29.99,39.99,White Freeze Flavoured Sport Drink,October
Metro,29.99,39.99,White Freeze Flavoured Sport Drink,October
Metro,29.99,39.99,White Freeze Flavoured Sport Drink,October
Metro,29.99,39.99,White Freeze Flavoured Sport Drink,October
Metro,29.99,39.99,White Freeze Flavoured Sport Drink,October
Metro,29.99,39.99,White Freeze Flavoured Sport Drink,October
Metro,59.99,69.99000000000001,Natural Flavoured Plant-Based All-In-One Shake Drink,June
Metro,59.99,69.99000000000001,Natural Flavoured Plant-Based All-In-One Shake Drink,June
Metro,59.99,69.99000000000001,Natural Flavoured Plant-Based All-In-One Shake Drink,June
Metro,59.99,69.99000000000001,Natural Flavoured Plant-Based All-In-One Shake Drink,June
Metro,59.99,69.99000000000001,Natural Flavoured Plant-Based All-In-One Shake Drink,June
Metro,59.99,69.99000000000001,Natural Flavoured Plant-Based All-In-One Shake Drink,June
Metro,59.99,69.99000000000001,Natural Flavoured Plant-Based All-In-One Shake Drink,June
Metro,59.99,69.99000000000001,Natural Flavoured Plant-Based All-In-One Shake Drink,June
Metro,59.99,69.99000000000001,Natural Flavoured Plant-Based All-In-One Shake Drink,June
Metro,59.99,69.99000000000001,Natural Flavoured Plant-Based All-In-One Shake Drink,June
Metro,59.99,69.99000000000001,Natural Flavoured Plant-Based All-In-One Shake Drink,June
Metro,59.99,69.99000000000001,Natural Flavoured Plant-Based All-In-One Shake Drink,June
Metro,59.99,69.99000000000001,Natural Flavoured Plant-Based All-In-One Shake Drink,June
Metro,59.99,69.99000000000001,Natural Flavoured Plant-Based All-In-One Shake Drink,June
Metro,59.99,69.99000000000001,Natural Flavoured Plant-Based All-In-One Shake Drink,June
Metro,52.49,69.99000000000001,Natural Flavoured Plant-Based All-In-One Shake Drink,June
Metro,52.49,69.99000000000001,Natural Flavoured Plant-Based All-In-One Shake Drink,June
Metro,52.49,69.99000000000001,Natural Flavoured Plant-Based All-In-One Shake Drink,June
Metro,52.49,69.99000000000001,Natural Flavoured Plant-Based All-In-One Shake Drink,July
Metro,52.49,69.99000000000001,Natural Flavoured Plant-Based All-In-One Shake Drink,July
Metro,52.49,69.99000000000001,Natural Flavoured Plant-Based All-In-One Shake Drink,July
Metro,53.99,69.99000000000001,Natural Flavoured Plant-Based All-In-One Shake Drink,July
Metro,53.99,69.99000000000001,Natural Flavoured Plant-Based All-In-One Shake Drink,July
Metro,53.99,69.99000000000001,Natural Flavoured Plant-Based All-In-One Shake Drink,July
Metro,53.99,69.99000000000001,Natural Flavoured Plant-Based All-In-One Shake Drink,July
Metro,53.99,69.99000000000001,Natural Flavoured Plant-Based All-In-One Shake Drink,July
Metro,53.99,69.99000000000001,Natural Flavoured Plant-Based All-In-One Shake Drink,July
Metro,53.99,69.99000000000001,Natural Flavoured Plant-Based All-In-One Shake Drink,July
Metro,53.99,69.99000000000001,Natural Flavoured Plant-Based All-In-One Shake Drink,July
Metro,53.99,69.99000000000001,Natural Flavoured Plant-Based All-In-One Shake Drink,July
Metro,53.99,69.99000000000001,Natural Flavoured Plant-Based All-In-One Shake Drink,July
Metro,53.99,69.99000000000001,Natural Flavoured Plant-Based All-In-One Shake Drink,July
Metro,53.99,69.99000000000001,Natural Flavoured Plant-Based All-In-One Shake Drink,July
Metro,53.99,69.99000000000001,Natural Flavoured Plant-Based All-In-One Shake Drink,July
Metro,53.99,69.99000000000001,Natural Flavoured Plant-Based All-In-One Shake Drink,July
Metro,59.99,69.99000000000001,Natural Flavoured Plant-Based All-In-One Shake Drink,July
Metro,59.99,69.99000000000001,Natural Flavoured Plant-Based All-In-One Shake Drink,July
Metro,59.99,69.99000000000001,Natural Flavoured Plant-Based All-In-One Shake Drink,August
Metro,59.99,69.99000000000001,Natural Flavoured Plant-Based All-In-One Shake Drink,August
Metro,49.99,69.99000000000001,Natural Flavoured Plant-Based All-In-One Shake Drink,August
Metro,49.99,69.99000000000001,Natural Flavoured Plant-Based All-In-One Shake Drink,August
Metro,49.99,69.99000000000001,Natural Flavoured Plant-Based All-In-One Shake Drink,August
Metro,49.99,69.99000000000001,Natural Flavoured Plant-Based All-In-One Shake Drink,August
Metro,49.99,69.99000000000001,Natural Flavoured Plant-Based All-In-One Shake Drink,August
Metro,49.99,69.99000000000001,Natural Flavoured Plant-Based All-In-One Shake Drink,August
Metro,49.99,69.99000000000001,Natural Flavoured Plant-Based All-In-One Shake Drink,August
Metro,49.99,69.99000000000001,Natural Flavoured Plant-Based All-In-One Shake Drink,August
Metro,49.99,69.99000000000001,Natural Flavoured Plant-Based All-In-One Shake Drink,August
Metro,59.99,69.99000000000001,Natural Flavoured Plant-Based All-In-One Shake Drink,August
Metro,59.99,69.99000000000001,Natural Flavoured Plant-Based All-In-One Shake Drink,August
Metro,59.99,69.99000000000001,Natural Flavoured Plant-Based All-In-One Shake Drink,August
Metro,59.99,69.99000000000001,Natural Flavoured Plant-Based All-In-One Shake Drink,August
Metro,59.99,69.99000000000001,Natural Flavoured Plant-Based All-In-One Shake Drink,August
Metro,59.99,69.99000000000001,Natural Flavoured Plant-Based All-In-One Shake Drink,August
Metro,59.99,69.99000000000001,Natural Flavoured Plant-Based All-In-One Shake Drink,August
Metro,59.99,69.99000000000001,Natural Flavoured Plant-Based All-In-One Shake Drink,August
Metro,49.99,69.99000000000001,Natural Flavoured Plant-Based All-In-One Shake Drink,August
Metro,49.99,69.99000000000001,Natural Flavoured Plant-Based All-In-One Shake Drink,August
Metro,49.99,69.99000000000001,Natural Flavoured Plant-Based All-In-One Shake Drink,August
Metro,49.99,69.99000000000001,Natural Flavoured Plant-Based All-In-One Shake Drink,August
Metro,49.99,69.99000000000001,Natural Flavoured Plant-Based All-In-One Shake Drink,August
Metro,49.99,69.99000000000001,Natural Flavoured Plant-Based All-In-One Shake Drink,August
Metro,49.99,69.99000000000001,Natural Flavoured Plant-Based All-In-One Shake Drink,August
Metro,49.99,69.99000000000001,Natural Flavoured Plant-Based All-In-One Shake Drink,September
Metro,49.99,69.99000000000001,Natural Flavoured Plant-Based All-In-One Shake Drink,September
Metro,49.99,69.99000000000001,Natural Flavoured Plant-Based All-In-One Shake Drink,September
Metro,49.99,69.99000000000001,Natural Flavoured Plant-Based All-In-One Shake Drink,September
Metro,49.99,69.99000000000001,Natural Flavoured Plant-Based All-In-One Shake Drink,September
Metro,49.99,69.99000000000001,Natural Flavoured Plant-Based All-In-One Shake Drink,September
Metro,49.99,69.99000000000001,Natural Flavoured Plant-Based All-In-One Shake Drink,September
Metro,49.99,69.99000000000001,Natural Flavoured Plant-Based All-In-One Shake Drink,September
Metro,49.99,69.99000000000001,Natural Flavoured Plant-Based All-In-One Shake Drink,September
Metro,49.99,69.99000000000001,Natural Flavoured Plant-Based All-In-One Shake Drink,September
Metro,49.99,69.99000000000001,Natural Flavoured Plant-Based All-In-One Shake Drink,October
Metro,49.99,69.99000000000001,Natural Flavoured Plant-Based All-In-One Shake Drink,October
Metro,49.99,69.99000000000001,Natural Flavoured Plant-Based All-In-One Shake Drink,October
Metro,49.99,69.99000000000001,Natural Flavoured Plant-Based All-In-One Shake Drink,October
Metro,49.99,69.99000000000001,Natural Flavoured Plant-Based All-In-One Shake Drink,October
Metro,49.99,69.99000000000001,Natural Flavoured Plant-Based All-In-One Shake Drink,October
Metro,49.99,69.99000000000001,Natural Flavoured Plant-Based All-In-One Shake Drink,October
Metro,49.99,69.99000000000001,Natural Flavoured Plant-Based All-In-One Shake Drink,October
Metro,49.99,69.99000000000001,Natural Flavoured Plant-Based All-In-One Shake Drink,October
Metro,49.99,69.99000000000001,Natural Flavoured Plant-Based All-In-One Shake Drink,October
Metro,49.99,69.99000000000001,Natural Flavoured Plant-Based All-In-One Shake Drink,October
Metro,49.99,69.99000000000001,Natural Flavoured Plant-Based All-In-One Shake Drink,October
Metro,49.99,69.99000000000001,Natural Flavoured Plant-Based All-In-One Shake Drink,October
Metro,49.99,69.99000000000001,Natural Flavoured Plant-Based All-In-One Shake Drink,October
Metro,49.99,69.99000000000001,Natural Flavoured Plant-Based All-In-One Shake Drink,October
Metro,49.99,69.99000000000001,Natural Flavoured Plant-Based All-In-One Shake Drink,October
Metro,49.99,69.99000000000001,Natural Flavoured Plant-Based All-In-One Shake Drink,October
Metro,49.99,69.99000000000001,Natural Flavoured Plant-Based All-In-One Shake Drink,October
Metro,49.99,69.99000000000001,Natural Flavoured Plant-Based All-In-One Shake Drink,October
Metro,29.39,41.99,Berry Flavoured Electrolyte Drink Mix,September
Metro,29.39,41.99,Berry Flavoured Electrolyte Drink Mix,September
Metro,29.39,41.99,Berry Flavoured Electrolyte Drink Mix,September
Metro,29.39,41.99,Berry Flavoured Electrolyte Drink Mix,September
Metro,29.39,41.99,Berry Flavoured Electrolyte Drink Mix,September
Metro,29.39,41.99,Berry Flavoured Electrolyte Drink Mix,September
Metro,29.39,41.99,Berry Flavoured Electrolyte Drink Mix,September
Metro,29.39,41.99,Berry Flavoured Electrolyte Drink Mix,September
Metro,29.39,41.99,Berry Flavoured Electrolyte Drink Mix,September
Metro,29.39,41.99,Berry Flavoured Electrolyte Drink Mix,September
Metro,29.39,41.99,Berry Flavoured Electrolyte Drink Mix,September
Metro,29.39,41.99,Berry Flavoured Electrolyte Drink Mix,September
Metro,29.39,41.99,Berry Flavoured Electrolyte Drink Mix,September
Metro,29.39,41.99,Berry Flavoured Electrolyte Drink Mix,September
Metro,29.39,41.99,Berry Flavoured Electrolyte Drink Mix,September
Metro,29.39,41.99,Berry Flavoured Electrolyte Drink Mix,September
Metro,29.39,41.99,Berry Flavoured Electrolyte Drink Mix,September
Metro,29.39,41.99,Berry Flavoured Electrolyte Drink Mix,September
Metro,29.39,41.99,Berry Flavoured Electrolyte Drink Mix,September
Metro,29.39,41.99,Berry Flavoured Electrolyte Drink Mix,September
Metro,29.39,41.99,Berry Flavoured Electrolyte Drink Mix,September
Metro,29.39,41.99,Berry Flavoured Electrolyte Drink Mix,September
Metro,29.39,41.99,Berry Flavoured Electrolyte Drink Mix,September
Metro,29.39,41.99,Berry Flavoured Electrolyte Drink Mix,September
Metro,29.39,41.99,Berry Flavoured Electrolyte Drink Mix,October
Metro,29.39,41.99,Berry Flavoured Electrolyte Drink Mix,October
Metro,29.39,41.99,Berry Flavoured Electrolyte Drink Mix,October
Metro,29.39,41.99,Berry Flavoured Electrolyte Drink Mix,October
Metro,29.39,41.99,Berry Flavoured Electrolyte Drink Mix,October
Metro,29.39,41.99,Berry Flavoured Electrolyte Drink Mix,October
Metro,29.39,41.99,Berry Flavoured Electrolyte Drink Mix,October
Metro,29.39,41.99,Berry Flavoured Electrolyte Drink Mix,October
Metro,29.39,41.99,Berry Flavoured Electrolyte Drink Mix,October
Metro,29.39,41.99,Berry Flavoured Electrolyte Drink Mix,October
Metro,29.39,41.99,Berry Flavoured Electrolyte Drink Mix,October
Metro,29.39,41.99,Berry Flavoured Electrolyte Drink Mix,October
Metro,29.39,41.99,Berry Flavoured Electrolyte Drink Mix,October
Metro,29.39,41.99,Berry Flavoured Electrolyte Drink Mix,October
Metro,29.39,41.99,Berry Flavoured Electrolyte Drink Mix,October
Metro,29.39,41.99,Berry Flavoured Electrolyte Drink Mix,October
Metro,29.39,41.99,Berry Flavoured Electrolyte Drink Mix,October
Metro,29.39,41.99,Berry Flavoured Electrolyte Drink Mix,October
Metro,29.39,41.99,Berry Flavoured Electrolyte Drink Mix,October
Metro,29.39,41.99,Berry Flavoured Electrolyte Drink Mix,October
Metro,59.99,69.99000000000001,Berry Flavoured Plant-Based All-In-One Shake Drink,June
Metro,59.99,69.99000000000001,Berry Flavoured Plant-Based All-In-One Shake Drink,June
Metro,59.99,69.99000000000001,Berry Flavoured Plant-Based All-In-One Shake Drink,June
Metro,59.99,69.99000000000001,Berry Flavoured Plant-Based All-In-One Shake Drink,June
Metro,59.99,69.99000000000001,Berry Flavoured Plant-Based All-In-One Shake Drink,June
Metro,59.99,69.99000000000001,Berry Flavoured Plant-Based All-In-One Shake Drink,June
Metro,59.99,69.99000000000001,Berry Flavoured Plant-Based All-In-One Shake Drink,June
Metro,59.99,69.99000000000001,Berry Flavoured Plant-Based All-In-One Shake Drink,June
Metro,59.99,69.99000000000001,Berry Flavoured Plant-Based All-In-One Shake Drink,June
Metro,59.99,69.99000000000001,Berry Flavoured Plant-Based All-In-One Shake Drink,June
Metro,59.99,69.99000000000001,Berry Flavoured Plant-Based All-In-One Shake Drink,June
Metro,59.99,69.99000000000001,Berry Flavoured Plant-Based All-In-One Shake Drink,June
Metro,59.99,69.99000000000001,Berry Flavoured Plant-Based All-In-One Shake Drink,June
Metro,52.49,69.99000000000001,Berry Flavoured Plant-Based All-In-One Shake Drink,June
Metro,52.49,69.99000000000001,Berry Flavoured Plant-Based All-In-One Shake Drink,June
Metro,52.49,69.99000000000001,Berry Flavoured Plant-Based All-In-One Shake Drink,June
Metro,52.49,69.99000000000001,Berry Flavoured Plant-Based All-In-One Shake Drink,July
Metro,52.49,69.99000000000001,Berry Flavoured Plant-Based All-In-One Shake Drink,July
Metro,52.49,69.99000000000001,Berry Flavoured Plant-Based All-In-One Shake Drink,July
Metro,52.49,69.99000000000001,Berry Flavoured Plant-Based All-In-One Shake Drink,July
Metro,52.49,69.99000000000001,Berry Flavoured Plant-Based All-In-One Shake Drink,July
Metro,53.99,69.99000000000001,Berry Flavoured Plant-Based All-In-One Shake Drink,July
Metro,53.99,69.99000000000001,Berry Flavoured Plant-Based All-In-One Shake Drink,July
Metro,53.99,69.99000000000001,Berry Flavoured Plant-Based All-In-One Shake Drink,July
Metro,53.99,69.99000000000001,Berry Flavoured Plant-Based All-In-One Shake Drink,July
Metro,53.99,69.99000000000001,Berry Flavoured Plant-Based All-In-One Shake Drink,July
Metro,53.99,69.99000000000001,Berry Flavoured Plant-Based All-In-One Shake Drink,July
Metro,53.99,69.99000000000001,Berry Flavoured Plant-Based All-In-One Shake Drink,July
Metro,53.99,69.99000000000001,Berry Flavoured Plant-Based All-In-One Shake Drink,July
Metro,53.99,69.99000000000001,Berry Flavoured Plant-Based All-In-One Shake Drink,July
Metro,53.99,69.99000000000001,Berry Flavoured Plant-Based All-In-One Shake Drink,July
Metro,53.99,69.99000000000001,Berry Flavoured Plant-Based All-In-One Shake Drink,July
Metro,53.99,69.99000000000001,Berry Flavoured Plant-Based All-In-One Shake Drink,July
Metro,53.99,69.99000000000001,Berry Flavoured Plant-Based All-In-One Shake Drink,July
Metro,53.99,69.99000000000001,Berry Flavoured Plant-Based All-In-One Shake Drink,July
Metro,53.99,69.99000000000001,Berry Flavoured Plant-Based All-In-One Shake Drink,July
Metro,53.99,69.99000000000001,Berry Flavoured Plant-Based All-In-One Shake Drink,July
Metro,53.99,69.99000000000001,Berry Flavoured Plant-Based All-In-One Shake Drink,July
Metro,53.99,69.99000000000001,Berry Flavoured Plant-Based All-In-One Shake Drink,July
Metro,53.99,69.99000000000001,Berry Flavoured Plant-Based All-In-One Shake Drink,July
Metro,53.99,69.99000000000001,Berry Flavoured Plant-Based All-In-One Shake Drink,July
Metro,53.99,69.99000000000001,Berry Flavoured Plant-Based All-In-One Shake Drink,July
Metro,53.99,69.99000000000001,Berry Flavoured Plant-Based All-In-One Shake Drink,July
Metro,53.99,69.99000000000001,Berry Flavoured Plant-Based All-In-One Shake Drink,July
Metro,53.99,69.99000000000001,Berry Flavoured Plant-Based All-In-One Shake Drink,July
Metro,59.99,69.99000000000001,Berry Flavoured Plant-Based All-In-One Shake Drink,July
Metro,59.99,69.99000000000001,Berry Flavoured Plant-Based All-In-One Shake Drink,July
Metro,59.99,69.99000000000001,Berry Flavoured Plant-Based All-In-One Shake Drink,July
Metro,59.99,69.99000000000001,Berry Flavoured Plant-Based All-In-One Shake Drink,July
Metro,59.99,69.99000000000001,Berry Flavoured Plant-Based All-In-One Shake Drink,July
Metro,59.99,69.99000000000001,Berry Flavoured Plant-Based All-In-One Shake Drink,August
Metro,59.99,69.99000000000001,Berry Flavoured Plant-Based All-In-One Shake Drink,August
Metro,59.99,69.99000000000001,Berry Flavoured Plant-Based All-In-One Shake Drink,August
Metro,59.99,69.99000000000001,Berry Flavoured Plant-Based All-In-One Shake Drink,August
Metro,59.99,69.99000000000001,Berry Flavoured Plant-Based All-In-One Shake Drink,August
Metro,49.99,69.99000000000001,Berry Flavoured Plant-Based All-In-One Shake Drink,August
Metro,49.99,69.99000000000001,Berry Flavoured Plant-Based All-In-One Shake Drink,August
Metro,49.99,69.99000000000001,Berry Flavoured Plant-Based All-In-One Shake Drink,August
Metro,49.99,69.99000000000001,Berry Flavoured Plant-Based All-In-One Shake Drink,August
Metro,49.99,69.99000000000001,Berry Flavoured Plant-Based All-In-One Shake Drink,August
Metro,49.99,69.99000000000001,Berry Flavoured Plant-Based All-In-One Shake Drink,August
Metro,59.99,69.99000000000001,Berry Flavoured Plant-Based All-In-One Shake Drink,August
Metro,59.99,69.99000000000001,Berry Flavoured Plant-Based All-In-One Shake Drink,August
Metro,59.99,69.99000000000001,Berry Flavoured Plant-Based All-In-One Shake Drink,August
Metro,59.99,69.99000000000001,Berry Flavoured Plant-Based All-In-One Shake Drink,August
Metro,59.99,69.99000000000001,Berry Flavoured Plant-Based All-In-One Shake Drink,August
Metro,49.99,69.99000000000001,Berry Flavoured Plant-Based All-In-One Shake Drink,August
Metro,49.99,69.99000000000001,Berry Flavoured Plant-Based All-In-One Shake Drink,August
Metro,49.99,69.99000000000001,Berry Flavoured Plant-Based All-In-One Shake Drink,August
Metro,49.99,69.99000000000001,Berry Flavoured Plant-Based All-In-One Shake Drink,August
Metro,49.99,69.99000000000001,Berry Flavoured Plant-Based All-In-One Shake Drink,August
Metro,49.99,69.99000000000001,Berry Flavoured Plant-Based All-In-One Shake Drink,August
Metro,49.99,69.99000000000001,Berry Flavoured Plant-Based All-In-One Shake Drink,September
Metro,49.99,69.99000000000001,Berry Flavoured Plant-Based All-In-One Shake Drink,September
Metro,49.99,69.99000000000001,Berry Flavoured Plant-Based All-In-One Shake Drink,September
Metro,49.99,69.99000000000001,Berry Flavoured Plant-Based All-In-One Shake Drink,September
Metro,49.99,69.99000000000001,Berry Flavoured Plant-Based All-In-One Shake Drink,September
Metro,49.99,69.99000000000001,Berry Flavoured Plant-Based All-In-One Shake Drink,September
Metro,49.99,69.99000000000001,Berry Flavoured Plant-Based All-In-One Shake Drink,September
Metro,49.99,69.99000000000001,Berry Flavoured Plant-Based All-In-One Shake Drink,September
Metro,49.99,69.99000000000001,Berry Flavoured Plant-Based All-In-One Shake Drink,September
Metro,49.99,69.99000000000001,Berry Flavoured Plant-Based All-In-One Shake Drink,September
Metro,49.99,69.99000000000001,Berry Flavoured Plant-Based All-In-One Shake Drink,September
Metro,49.99,69.99000000000001,Berry Flavoured Plant-Based All-In-One Shake Drink,September
Metro,49.99,69.99000000000001,Berry Flavoured Plant-Based All-In-One Shake Drink,September
Metro,49.99,69.99000000000001,Berry Flavoured Plant-Based All-In-One Shake Drink,September
Metro,49.99,69.99000000000001,Berry Flavoured Plant-Based All-In-One Shake Drink,September
Metro,49.99,69.99000000000001,Berry Flavoured Plant-Based All-In-One Shake Drink,September
Metro,49.99,69.99000000000001,Berry Flavoured Plant-Based All-In-One Shake Drink,September
Metro,49.99,69.99000000000001,Berry Flavoured Plant-Based All-In-One Shake Drink,October
Metro,49.99,69.99000000000001,Berry Flavoured Plant-Based All-In-One Shake Drink,October
Metro,49.99,69.99000000000001,Berry Flavoured Plant-Based All-In-One Shake Drink,October
Metro,49.99,69.99000000000001,Berry Flavoured Plant-Based All-In-One Shake Drink,October
Metro,49.99,69.99000000000001,Berry Flavoured Plant-Based All-In-One Shake Drink,October
Metro,49.99,69.99000000000001,Berry Flavoured Plant-Based All-In-One Shake Drink,October
Metro,49.99,69.99000000000001,Berry Flavoured Plant-Based All-In-One Shake Drink,October
Metro,49.99,69.99000000000001,Berry Flavoured Plant-Based All-In-One Shake Drink,October
Metro,49.99,69.99000000000001,Berry Flavoured Plant-Based All-In-One Shake Drink,October
Metro,49.99,69.99000000000001,Berry Flavoured Plant-Based All-In-One Shake Drink,October
Metro,49.99,69.99000000000001,Berry Flavoured Plant-Based All-In-One Shake Drink,October
Metro,49.99,69.99000000000001,Berry Flavoured Plant-Based All-In-One Shake Drink,October
Metro,49.99,69.99000000000001,Berry Flavoured Plant-Based All-In-One Shake Drink,October
Metro,49.99,69.99000000000001,Berry Flavoured Plant-Based All-In-One Shake Drink,October
Metro,49.99,69.99000000000001,Berry Flavoured Plant-Based All-In-One Shake Drink,October
Metro,49.99,69.99000000000001,Berry Flavoured Plant-Based All-In-One Shake Drink,October
Metro,49.99,69.99000000000001,Berry Flavoured Plant-Based All-In-One Shake Drink,October
Metro,49.99,69.99000000000001,Berry Flavoured Plant-Based All-In-One Shake Drink,October
Metro,49.99,69.99000000000001,Berry Flavoured Plant-Based All-In-One Shake Drink,October
Metro,29.39,41.99,Wild Berry Flavoured Electrolyte Drink Mix,September
Metro,29.39,41.99,Wild Berry Flavoured Electrolyte Drink Mix,September
Metro,29.39,41.99,Wild Berry Flavoured Electrolyte Drink Mix,September
Metro,29.39,41.99,Wild Berry Flavoured Electrolyte Drink Mix,September
Metro,29.39,41.99,Wild Berry Flavoured Electrolyte Drink Mix,September
Metro,29.39,41.99,Wild Berry Flavoured Electrolyte Drink Mix,September
Metro,29.39,41.99,Wild Berry Flavoured Electrolyte Drink Mix,September
Metro,29.39,41.99,Wild Berry Flavoured Electrolyte Drink Mix,September
Metro,29.39,41.99,Wild Berry Flavoured Electrolyte Drink Mix,September
Metro,29.39,41.99,Wild Berry Flavoured Electrolyte Drink Mix,September
Metro,29.39,41.99,Wild Berry Flavoured Electrolyte Drink Mix,September
Metro,29.39,41.99,Wild Berry Flavoured Electrolyte Drink Mix,September
Metro,29.39,41.99,Wild Berry Flavoured Electrolyte Drink Mix,October
Metro,29.39,41.99,Wild Berry Flavoured Electrolyte Drink Mix,October
Metro,29.39,41.99,Wild Berry Flavoured Electrolyte Drink Mix,October
Metro,29.39,41.99,Wild Berry Flavoured Electrolyte Drink Mix,October
Metro,29.39,41.99,Wild Berry Flavoured Electrolyte Drink Mix,October
Metro,29.39,41.99,Wild Berry Flavoured Electrolyte Drink Mix,October
Metro,29.39,41.99,Wild Berry Flavoured Electrolyte Drink Mix,October
Metro,29.39,41.99,Wild Berry Flavoured Electrolyte Drink Mix,October
Metro,29.39,41.99,Wild Berry Flavoured Electrolyte Drink Mix,October
Metro,29.39,41.99,Wild Berry Flavoured Electrolyte Drink Mix,October
Metro,29.39,41.99,Wild Berry Flavoured Electrolyte Drink Mix,October
Metro,29.39,41.99,Wild Berry Flavoured Electrolyte Drink Mix,October
Metro,29.39,41.99,Wild Berry Flavoured Electrolyte Drink Mix,October
Metro,29.39,41.99,Wild Berry Flavoured Electrolyte Drink Mix,October
Metro,29.39,41.99,Wild Berry Flavoured Electrolyte Drink Mix,October
Metro,29.39,41.99,Wild Berry Flavoured Electrolyte Drink Mix,October
Metro,29.39,41.99,Wild Berry Flavoured Electrolyte Drink Mix,October
TandT,36.879999999999995,52.790000000000006,Cheong Kwan Jang Red Ginseng Drink (50mlx30),July
TandT,38.77,52.790000000000006,Cheong Kwan Jang Red Ginseng Drink (50mlx30),August
TandT,38.77,47.99,Cheong Kwan Jang Red Ginseng Drink (50mlx30),August
TandT,38.77,47.99,Cheong Kwan Jang Red Ginseng Drink (50mlx30),September
TandT,38.77,47.99,Cheong Kwan Jang Red Ginseng Drink (50mlx30),September
TandT,38.77,47.99,Cheong Kwan Jang Red Ginseng Drink (50mlx30),September
TandT,38.77,47.99,Cheong Kwan Jang Red Ginseng Drink (50mlx30),September
TandT,38.77,47.99,Cheong Kwan Jang Red Ginseng Drink (50mlx30),September
TandT,38.77,47.99,Cheong Kwan Jang Red Ginseng Drink (50mlx30),September
TandT,38.77,47.99,Cheong Kwan Jang Red Ginseng Drink (50mlx30),September
TandT,38.77,47.99,Cheong Kwan Jang Red Ginseng Drink (50mlx30),September
TandT,38.77,52.790000000000006,Cheong Kwan Jang Red Ginseng Drink (50mlx30),September
TandT,38.77,47.99,Cheong Kwan Jang Red Ginseng Drink (50mlx30),September
TandT,38.77,47.99,Cheong Kwan Jang Red Ginseng Drink (50mlx30),September
TandT,38.77,52.790000000000006,Cheong Kwan Jang Red Ginseng Drink (50mlx30),September
TandT,38.77,52.790000000000006,Cheong Kwan Jang Red Ginseng Drink (50mlx30),September
TandT,38.77,52.790000000000006,Cheong Kwan Jang Red Ginseng Drink (50mlx30),September
TandT,38.77,52.790000000000006,Cheong Kwan Jang Red Ginseng Drink (50mlx30),September
